DATE,MAX_TEMPERATURE_C,MIN_TEMPERATURE_C,WINDSPEED_MAX_KMH,TEMPERATURE_MORNING_C,TEMPERATURE_NOON_C,TEMPERATURE_EVENING_C,PRECIP_TOTAL_DAY_MM,HUMIDITY_MAX_PERCENT,VISIBILITY_AVG_KM,PRESSURE_MAX_MB,CLOUDCOVER_AVG_PERCENT,HEATINDEX_MAX_C,DEWPOINT_MAX_C,WINDTEMP_MAX_C,WEATHER_CODE_MORNING,WEATHER_CODE_NOON,WEATHER_CODE_EVENING,TOTAL_SNOW_MM,UV_INDEX,SUNHOUR,OPINION,SUNSET,SUNRISE,TEMPERATURE_NIGHT_C
2022-01-01,15,9,12,10,13,12,0,94,8,1025,14.375,15,10,8,113,113,113,0,3,8.6,météo correcte,17:05:00,08:44:00,10
2022-01-02,14,10,22,11,13,13,0.2,83,10,1023,72,14,10,9,122,119,176,0,4,5.1,météo défavorable,17:06:00,08:44:00,11
2022-01-03,12,10,18,11,12,11,2.8,87,8.75,1020,89,12,10,8,119,122,296,0,3,5.1,météo défavorable,17:07:00,08:44:00,12
2022-01-04,15,3,32,12,15,4,8.9,85,6.5,1014,97.5,15,10,4,296,266,338,1,3,3.2,météo défavorable,17:08:00,08:44:00,11
2022-01-05,6,3,18,3,5,5,0.5,68,10,1023,72,6,3,-1,113,122,119,0,1,5.1,météo très défavorable,17:09:00,08:43:00,4
2022-01-06,7,3,11,4,7,5,0,76,10,1025,52,7,1,3,116,113,119,0,2,8.7,météo très défavorable,17:10:00,08:43:00,5
2022-01-07,8,3,21,5,6,7,0.4,87,9,1023,78.375,8,3,1,176,122,176,0,2,3.3,météo très défavorable,17:11:00,08:43:00,3
2022-01-08,10,3,29,4,7,10,3.1,92,7.75,1019,94,10,7,1,122,266,296,0,2,3.3,météo très défavorable,17:12:00,08:42:00,3
2022-01-09,7,4,19,4,6,7,0.6,78,10,1016,53.25,7,3,0,116,116,176,0,2,6.9,météo très défavorable,17:14:00,08:42:00,5
2022-01-10,8,4,7,4,7,7,0.2,92,9.875,1025,80.875,8,4,2,122,116,122,0,2,6.9,météo très défavorable,17:15:00,08:42:00,5
2022-01-11,6,1,5,1,5,5,0,83,10,1037,24.25,6,0,0,113,113,116,0,2,8.7,météo très défavorable,17:16:00,08:41:00,2
2022-01-12,5,2,9,3,4,5,0,75,10,1040,52.625,5,1,2,116,122,113,0,2,3.3,météo très défavorable,17:18:00,08:41:00,2
2022-01-13,9,1,12,1,6,7,0,87,10,1040,1.75,9,3,-2,113,113,113,0,2,8.7,météo très défavorable,17:19:00,08:40:00,1
2022-01-14,11,2,6,2,9,9,0,78,10,1038,0.75,11,4,0,113,113,113,0,3,8.7,météo très défavorable,17:20:00,08:39:00,3
2022-01-15,8,3,5,3,6,8,0,86,10,1032,27.75,8,3,1,113,122,113,0,3,5.1,météo très défavorable,17:22:00,08:39:00,4
2022-01-16,7,2,10,2,6,6,0,94,10,1033,47.625,7,3,-1,116,119,116,0,2,5.1,météo très défavorable,17:23:00,08:38:00,2
2022-01-17,11,5,8,6,9,10,0,97,5.75,1039,44.375,11,7,6,143,116,113,0,2,6.9,météo défavorable,17:25:00,08:37:00,5
2022-01-18,11,2,12,3,8,9,0,90,10,1038,2.75,11,6,0,113,113,113,0,3,8.7,météo très défavorable,17:26:00,08:36:00,3
2022-01-19,7,1,10,1,5,6,0.2,91,9,1033,39.5,7,3,0,116,113,116,0,2,6.9,météo très défavorable,17:28:00,08:35:00,2
2022-01-20,6,2,17,3,5,4,0.1,88,10,1036,58.625,6,3,0,119,116,116,0,1,5.1,météo très défavorable,17:29:00,08:35:00,4
2022-01-21,6,1,15,2,4,5,0,90,10,1037,56.375,6,0,-2,116,119,113,0,1,5.1,météo très défavorable,17:31:00,08:34:00,2
2022-01-22,9,1,9,1,6,8,0,85,10,1038,6.75,9,6,-1,113,113,113,0,3,8.7,météo très défavorable,17:32:00,08:33:00,1
2022-01-23,7,2,12,3,6,6,0,86,9,1036,58,7,2,1,119,122,113,0,3,3.4,météo très défavorable,17:34:00,08:32:00,2
2022-01-24,10,1,7,1,7,8,0,91,10,1035,3.75,10,3,-1,113,113,113,0,3,8.7,météo très défavorable,17:35:00,08:30:00,2
2022-01-25,11,2,6,2,8,9,0,89,10,1037,0.875,11,5,0,113,113,113,0,3,8.7,météo très défavorable,17:37:00,08:29:00,2
2022-01-26,10,1,5,2,8,8,0,86,10,1035,1.5,10,3,0,113,113,113,0,3,8.7,météo très défavorable,17:38:00,08:28:00,2
2022-01-27,9,1,12,2,6,8,0,91,9,1033,38.125,9,7,-1,113,113,122,0,3,6.9,météo très défavorable,17:40:00,08:27:00,2
2022-01-28,10,5,7,5,8,9,0,96,7,1037,35.5,10,5,4,143,116,113,0,3,8.7,météo très défavorable,17:42:00,08:26:00,5
2022-01-29,12,4,16,5,10,11,0,90,10,1036,48.25,12,7,3,122,113,113,0,3,8.7,météo très défavorable,17:43:00,08:25:00,4
2022-01-30,10,4,9,5,7,7,0,85,10,1035,49.375,10,8,2,113,119,122,0,2,7,météo très défavorable,17:45:00,08:23:00,8
2022-01-31,9,4,28,7,8,7,0.1,70,10,1027,60.625,9,2,2,122,119,116,0,3,5.2,météo défavorable,17:47:00,08:22:00,5
2022-02-01,9,3,18,3,6,9,0.2,96,10,1029,79.75,9,8,0,122,176,122,0,3,3.5,météo très défavorable,17:48:00,08:21:00,3
2022-02-02,11,8,19,9,10,10,0,85,10,1026,91.75,11,8,7,122,122,119,0,2,3.5,météo défavorable,17:50:00,08:19:00,9
2022-02-03,9,6,14,6,8,8,0,86,10,1025,82.75,9,4,4,116,119,119,0,2,3.5,météo défavorable,17:52:00,08:18:00,8
2022-02-04,10,6,19,8,10,9,0.1,81,10,1025,73.5,10,6,5,122,116,176,0,2,5.2,météo défavorable,17:53:00,08:16:00,8
2022-02-05,9,4,15,4,8,9,0,83,10,1029,34.625,9,2,1,116,113,113,0,3,7,météo très défavorable,17:55:00,08:15:00,5
2022-02-06,11,7,32,7,10,11,0.8,79,9,1025,94.625,11,7,3,122,122,353,0,2,3.5,météo défavorable,17:56:00,08:13:00,7
2022-02-07,10,4,13,4,9,10,0.4,71,10,1034,16.75,10,2,1,113,113,113,0,2,8.7,météo très défavorable,17:58:00,08:12:00,5
2022-02-08,9,4,9,4,7,9,0,78,10,1035,62.5,9,5,2,116,119,119,0,3,5,météo très défavorable,18:00:00,08:10:00,4
2022-02-09,14,4,6,5,11,12,0,88,10,1031,2,14,4,3,113,113,113,0,3,9.9,météo correcte,18:01:00,08:09:00,5
2022-02-10,11,4,15,5,9,8,0,86,10,1027,46.25,11,4,2,113,116,122,0,3,8.3,météo très défavorable,18:03:00,08:07:00,6
2022-02-11,9,3,13,3,6,9,0.2,81,9,1036,22.75,9,1,0,113,116,113,0,2,10,météo très défavorable,18:05:00,08:06:00,4
2022-02-12,8,2,11,2,5,7,0,75,10,1035,31.125,8,0,-1,113,116,113,0,2,10,météo très défavorable,18:06:00,08:04:00,2
2022-02-13,12,2,27,2,8,12,0.7,72,9,1021,51.625,12,7,-2,113,116,122,0,3,8.3,météo très défavorable,18:08:00,08:02:00,2
2022-02-14,11,7,17,9,9,10,0.9,84,9,1014,83.625,11,6,6,176,353,176,0,2,5,météo défavorable,18:09:00,08:01:00,11
2022-02-15,10,4,19,4,8,9,0.1,85,10,1020,55.375,10,6,2,113,116,122,0,3,8.4,météo très défavorable,18:11:00,07:59:00,5
2022-02-16,14,9,23,10,13,13,2.6,92,5.875,1012,99.125,14,11,8,266,266,122,0,3,5.3,météo défavorable,18:13:00,07:57:00,10
2022-02-17,13,8,27,10,12,12,0.2,69,10,1023,47.75,13,10,5,176,113,113,0,3,10,météo correcte,18:14:00,07:56:00,13
2022-02-18,13,7,32,12,13,11,0.7,91,9.25,1017,81.125,13,10,8,122,122,176,0,3,5.3,météo défavorable,18:16:00,07:54:00,10
2022-02-19,10,4,23,4,8,8,0.2,69,10,1022,50.875,10,4,0,113,113,176,0,3,8.5,météo très défavorable,18:18:00,07:52:00,5
2022-02-20,12,8,24,8,10,12,0,84,10,1019,94.875,12,7,5,119,122,122,0,2,5.3,météo défavorable,18:19:00,07:50:00,8
2022-02-21,11,4,32,5,8,9,1.1,87,9.875,1021,77.125,11,8,0,176,353,122,0,2,6.9,météo très défavorable,18:21:00,07:48:00,7
2022-02-22,10,6,18,6,8,10,0.1,86,10,1026,93.5,10,8,4,122,122,122,0,2,5.4,météo défavorable,18:22:00,07:47:00,7
2022-02-23,12,5,9,5,10,10,0.1,93,10,1031,54.25,12,6,5,113,116,122,0,2,8.5,météo très défavorable,18:24:00,07:45:00,7
2022-02-24,12,5,24,8,12,7,0.8,81,9.875,1024,70.75,12,5,4,119,116,176,0,2,8.5,météo défavorable,18:26:00,07:43:00,9
2022-02-25,9,3,21,3,8,9,0,75,10,1033,28,9,0,-1,113,119,113,0,3,8.5,météo très défavorable,18:27:00,07:41:00,3
2022-02-26,11,3,15,3,9,10,0,75,10,1035,0,11,0,0,113,113,113,0,3,10.9,météo très défavorable,18:29:00,07:39:00,4
2022-02-27,12,1,15,1,8,12,0,68,10,1028,1.625,12,2,-3,113,113,113,0,3,10.9,météo très défavorable,18:30:00,07:37:00,2
2022-02-28,12,2,9,2,9,12,0,59,10,1028,11.375,12,1,-1,113,113,113,0,3,11,météo très défavorable,18:32:00,07:35:00,3
2022-03-01,11,4,7,4,8,10,0,68,10,1027,61.125,11,0,3,122,122,116,0,3,7,météo très défavorable,19:34:00,08:33:00,4
2022-03-02,9,6,13,6,9,9,1.7,92,8.875,1024,96.125,9,7,5,122,176,266,0,2,5.5,météo défavorable,19:36:00,08:31:00,7
2022-03-03,12,6,9,6,10,11,0,91,10,1018,73.625,12,7,5,116,119,119,0,3,5.5,météo défavorable,19:37:00,08:29:00,7
2022-03-04,13,5,13,6,11,12,0,54,10,1018,23.125,13,7,3,116,113,113,0,2,11.1,météo correcte,19:39:00,08:27:00,8
2022-03-05,12,3,12,3,10,11,0,56,10,1021,0,12,0,2,113,113,113,0,3,11.2,météo très défavorable,19:40:00,08:25:00,4
2022-03-06,11,3,16,3,9,9,0.1,68,10,1023,16.5,11,3,0,113,113,116,0,2,11.2,météo très défavorable,19:42:00,08:23:00,6
2022-03-07,10,1,15,1,7,10,0,67,10,1023,2.5,10,0,-2,113,113,113,0,3,11.2,météo très défavorable,19:44:00,08:21:00,2
2022-03-08,13,1,14,1,9,13,0,61,10,1020,0.875,13,0,-2,113,113,113,0,3,11.3,météo très défavorable,19:45:00,08:19:00,2
2022-03-09,16,5,14,5,13,16,0,93,10,1024,11.625,16,5,4,116,113,113,0,4,11.3,météo correcte,19:47:00,08:16:00,6
2022-03-10,15,7,12,7,13,14,0,69,10,1023,32.875,15,4,5,116,113,116,0,4,11.3,météo correcte,19:48:00,08:14:00,9
2022-03-11,11,9,19,9,10,10,0.6,81,9,1016,86.875,11,9,6,116,266,353,0,2,5.7,météo défavorable,19:50:00,08:12:00,9
2022-03-12,11,7,14,7,9,10,0,90,10,1017,79.25,11,6,5,122,122,119,0,2,5.7,météo défavorable,19:51:00,08:10:00,8
2022-03-13,9,7,17,7,8,9,1.7,89,7,1019,84.25,9,6,4,119,266,266,0,2,5.7,météo défavorable,19:53:00,08:08:00,8
2022-03-14,12,4,15,4,11,12,0.2,93,9,1026,46.75,12,6,3,113,113,116,0,3,10.1,météo très défavorable,19:54:00,08:06:00,5
2022-03-15,15,9,10,9,11,14,1.1,94,7,1025,96.25,15,10,7,266,266,122,0,3,5.8,météo défavorable,19:56:00,08:04:00,9
2022-03-16,19,9,11,9,16,19,0,92,10,1020,16.25,19,11,8,113,113,113,0,4,11.6,météo favorable,19:57:00,08:02:00,10
2022-03-17,12,8,21,10,11,12,0,78,10,1033,62.875,12,9,7,122,122,113,0,4,7.2,météo défavorable,19:59:00,08:00:00,11
2022-03-18,17,5,26,5,14,15,0,65,10,1038,3.375,17,2,1,113,113,113,0,4,11.6,météo correcte,20:00:00,07:58:00,6
2022-03-19,18,6,25,6,16,14,0,75,10,1037,0.375,18,3,3,113,113,113,0,4,11.6,météo favorable,20:02:00,07:56:00,7
2022-03-20,16,5,15,5,12,16,1,84,8.375,1027,58.75,16,6,3,116,263,116,0,4,7.6,météo correcte,20:03:00,07:54:00,5
2022-03-21,16,9,14,9,15,16,0,81,10,1029,50,16,6,8,116,113,119,0,3,10.3,météo correcte,20:05:00,07:52:00,9
2022-03-22,19,8,12,8,16,19,0,72,10,1029,3.625,19,5,7,113,113,113,0,4,11.6,météo favorable,20:06:00,07:50:00,9
2022-03-23,19,8,10,8,18,18,0,56,10,1030,4,19,3,7,113,113,113,0,4,11.6,météo favorable,20:08:00,07:48:00,9
2022-03-24,19,9,12,9,17,18,0,74,10,1030,4.75,19,5,8,113,113,113,0,4,11.6,météo favorable,20:09:00,07:46:00,10
2022-03-25,20,8,14,8,18,19,0,61,10,1028,0,20,4,7,113,113,113,0,5,11.6,météo favorable,20:11:00,07:44:00,10
2022-03-26,21,8,21,8,19,18,0,62,10,1029,0.375,21,5,6,113,113,113,0,5,11.6,météo favorable,20:12:00,07:41:00,9
2022-03-27,21,9,14,9,18,21,0,66,10,1029,0.625,21,6,7,113,113,113,0,5,11.6,météo favorable,20:14:00,07:39:00,10
2022-03-28,22,10,6,10,19,21,0,68,10,1028,7.125,23,6,10,113,113,113,0,5,11.6,météo favorable,20:15:00,07:37:00,11
2022-03-29,19,12,12,12,17,15,0.3,73,10,1016,85.25,19,10,12,176,116,176,0,4,7.7,météo défavorable,20:17:00,07:35:00,13
2022-03-30,12,6,20,8,6,10,0.3,86,10,1005,93.375,12,9,3,122,122,119,0,2,6.4,météo défavorable,20:18:00,07:33:00,10
2022-03-31,8,5,10,7,8,7,0.5,83,10,1002,93.625,8,5,5,176,122,353,0,2,6.4,météo très défavorable,20:20:00,07:31:00,8
2022-04-01,3,1,25,1,3,2,2.3,96,6.625,1010,100,3,2,-5,371,371,371,1.9,1,6.5,météo très défavorable,20:21:00,07:29:00,2
2022-04-02,4,1,23,1,4,3,0.7,89,8.25,1019,95.75,4,0,-5,332,368,371,0.6,1,6.5,météo très défavorable,20:23:00,07:27:00,1
2022-04-03,9,0,17,0,7,9,0,72,10,1025,26.5,9,0,-4,113,113,116,0,3,11.6,météo très défavorable,20:24:00,07:25:00,1
2022-04-04,11,2,22,2,10,9,0,69,10,1024,68.25,11,2,0,116,122,122,0,3,7.8,météo très défavorable,20:26:00,07:23:00,3
2022-04-05,14,7,15,7,10,14,0,95,10,1015,92.25,14,9,5,122,122,119,0,3,6.5,météo défavorable,20:27:00,07:20:00,7
2022-04-06,14,6,26,6,11,13,0.4,85,10,1011,76.5,14,8,4,116,122,176,0,4,6.6,météo défavorable,20:29:00,07:18:00,7
2022-04-07,11,8,32,10,9,9,1.5,83,7.875,1004,100,11,8,6,122,296,266,0,2,6.6,météo défavorable,20:30:00,07:16:00,10
2022-04-08,9,2,16,8,4,2,7.1,95,8.375,1005,91.625,9,4,0,122,302,317,0,1,6.6,météo très défavorable,20:32:00,07:14:00,8
2022-04-09,11,4,16,4,10,10,0.5,88,10,1021,55.5,11,3,2,353,176,176,0,2,9.1,météo très défavorable,20:33:00,07:12:00,4
2022-04-10,15,3,6,3,13,13,0,73,10,1022,13,15,1,3,113,113,113,0,4,11.6,météo correcte,20:35:00,07:10:00,4
2022-04-11,16,5,19,5,13,16,0,68,10,1018,12.5,16,8,2,113,113,113,0,4,11.6,météo correcte,20:36:00,07:08:00,6
2022-04-12,20,9,13,9,18,19,0,80,10,1012,44.125,20,10,8,113,113,122,0,5,10.4,météo favorable,20:38:00,07:06:00,11
2022-04-13,18,12,9,12,16,18,0,84,10,1020,79.625,18,10,12,122,119,122,0,5,6.7,météo défavorable,20:39:00,07:04:00,13
2022-04-14,23,10,13,10,19,20,0,91,10,1026,11.75,24,10,9,113,113,113,0,5,11.6,météo favorable,20:41:00,07:02:00,11
2022-04-15,21,11,9,11,20,20,0,87,10,1026,18.125,24,9,11,113,113,116,0,5,11.6,météo favorable,20:42:00,07:00:00,12
2022-04-16,20,11,17,11,18,19,0,78,10,1027,5.5,20,9,10,116,113,113,0,5,11.6,météo favorable,20:44:00,06:58:00,12
2022-04-17,19,7,13,7,16,18,0,61,10,1027,19.625,19,6,5,113,113,116,0,4,11.6,météo favorable,20:45:00,06:56:00,9
2022-04-18,19,8,6,8,16,16,0,65,10,1019,73.625,19,9,7,122,122,119,0,4,8.1,météo défavorable,20:47:00,06:54:00,8
2022-04-19,19,9,12,9,17,18,0,83,10,1016,26.375,19,7,8,116,113,113,0,4,11.6,météo favorable,20:48:00,06:52:00,10
2022-04-20,18,9,19,9,17,16,0,81,10,1012,53,18,7,8,116,116,116,0,4,9.3,météo favorable,20:50:00,06:50:00,9
2022-04-21,17,7,18,7,16,17,0,63,10,1008,10.625,17,5,5,113,113,113,0,4,11.6,météo correcte,20:51:00,06:48:00,8
2022-04-22,17,8,17,8,15,15,0,82,10,1004,34,17,7,6,113,116,116,0,4,10.5,météo correcte,20:53:00,06:46:00,10
2022-04-23,17,10,25,10,17,13,1,77,9.875,1000,89.625,17,11,8,119,122,176,0,3,7,météo défavorable,20:54:00,06:45:00,11
2022-04-24,13,10,14,10,12,12,0.7,90,8.375,1007,85.625,13,10,8,263,122,122,0,3,7.1,météo défavorable,20:56:00,06:43:00,11
2022-04-25,16,9,10,9,15,14,0.4,76,9.875,1015,42.875,16,7,8,116,176,353,0,4,9.3,météo correcte,20:57:00,06:41:00,10
2022-04-26,17,7,14,8,14,16,0,82,10,1021,43.625,17,6,6,116,113,116,0,4,9.4,météo correcte,20:59:00,06:39:00,7
2022-04-27,18,6,19,6,16,18,0,78,10,1024,10.875,18,7,3,113,116,116,0,4,14.5,météo favorable,21:00:00,06:37:00,7
2022-04-28,20,8,20,8,18,19,0,81,10,1027,3.125,20,8,6,113,113,113,0,5,14.5,météo favorable,21:02:00,06:35:00,9
2022-04-29,19,10,12,10,16,18,0,76,10,1028,62,19,8,9,122,122,116,0,4,13.4,météo correcte,21:03:00,06:34:00,10
2022-04-30,18,7,18,7,16,17,0,80,10,1026,2.625,18,5,4,113,113,113,0,4,14.5,météo favorable,21:05:00,06:32:00,9
2022-05-01,18,8,10,8,16,17,0,78,10,1025,58.75,18,5,6,113,122,119,0,4,10.3,météo correcte,21:06:00,06:30:00,8
2022-05-02,17,9,14,9,17,16,0,69,10,1020,57.5,17,6,8,116,116,116,0,4,12.4,météo correcte,21:08:00,06:28:00,10
2022-05-03,19,10,16,10,18,17,0,69,10,1018,56.625,19,7,9,113,119,122,0,5,11.4,météo correcte,21:09:00,06:27:00,11
2022-05-04,19,11,12,11,18,16,0,78,10,1022,41.5,19,10,10,116,113,119,0,4,13.5,météo favorable,21:10:00,06:25:00,12
2022-05-05,21,10,11,10,20,20,0,85,10,1026,39.875,24,9,9,116,113,116,0,5,12.4,météo favorable,21:12:00,06:24:00,11
2022-05-06,22,10,10,10,20,19,0,85,10,1026,36.25,24,11,9,116,113,116,0,5,14.5,météo favorable,21:13:00,06:22:00,10
2022-05-07,20,12,10,12,19,19,0.4,70,9.875,1025,67.75,20,13,12,122,122,176,0,5,10.4,météo défavorable,21:15:00,06:20:00,13
2022-05-08,19,10,14,10,17,19,0.1,97,7.75,1026,72.625,19,11,9,248,122,119,0,4,10.4,météo défavorable,21:16:00,06:19:00,11
2022-05-09,25,11,8,11,23,24,0,82,10,1026,24.25,25,12,10,113,113,116,0,5,14.5,météo favorable,21:18:00,06:17:00,12
2022-05-10,25,15,19,15,22,23,0,76,10,1022,28.375,25,12,15,116,116,113,0,6,14.5,météo favorable,21:19:00,06:16:00,16
2022-05-11,24,14,20,14,22,23,0,73,10,1017,12,25,13,13,113,113,113,0,6,14.5,météo favorable,21:20:00,06:14:00,15
2022-05-12,22,12,10,12,20,20,0,79,10,1021,30.875,24,12,12,113,116,116,0,4,14.5,météo favorable,21:22:00,06:13:00,13
2022-05-13,23,11,10,11,21,22,0,78,10,1023,8,24,9,11,113,113,113,0,5,14.5,météo favorable,21:23:00,06:12:00,11
2022-05-14,25,11,9,11,23,24,0,82,10,1023,11.75,25,12,11,113,113,113,0,5,14.5,météo favorable,21:25:00,06:10:00,12
2022-05-15,25,13,15,13,22,25,0.1,74,10,1018,45,26,16,13,116,116,116,0,6,12.5,météo favorable,21:26:00,06:09:00,14
2022-05-16,25,15,13,15,23,24,2.7,95,9,1021,48.75,25,16,14,143,116,116,0,5,14.5,météo favorable,21:27:00,06:08:00,16
2022-05-17,28,16,10,16,27,26,0,83,10,1022,30.25,27,14,16,113,113,113,0,6,14.5,météo favorable,21:29:00,06:06:00,16
2022-05-18,28,17,10,17,28,27,0,84,10,1021,16.5,29,17,17,113,113,116,0,6,14.5,météo idéale,21:30:00,06:05:00,18
2022-05-19,25,18,16,18,25,24,1,96,8.75,1022,44.75,27,18,18,176,200,113,0,5,13.5,météo correcte,21:31:00,06:04:00,18
2022-05-20,23,16,19,16,23,19,1.2,88,10,1023,61,25,19,16,116,353,116,0,4,11.5,météo correcte,21:32:00,06:03:00,17
2022-05-21,26,12,10,12,21,26,0,74,10,1025,3.625,26,12,12,113,113,113,0,5,14.5,météo favorable,21:34:00,06:02:00,12
2022-05-22,24,13,17,13,21,21,0.1,81,10,1019,44.875,25,13,13,119,116,176,0,5,13.5,météo favorable,21:35:00,06:01:00,13
2022-05-23,19,15,22,17,16,18,2.5,97,10,1006,74.875,19,16,16,353,353,176,0,4,13.5,météo défavorable,21:36:00,06:00:00,16
2022-05-24,19,10,16,10,17,18,0.5,96,9.375,1012,51.25,19,10,8,353,119,116,0,4,15.8,météo correcte,21:37:00,05:59:00,11
2022-05-25,21,10,18,10,20,20,0,81,10,1020,25.625,21,9,10,113,113,119,0,5,15.6,météo favorable,21:39:00,05:58:00,10
2022-05-26,23,13,12,13,21,22,0,82,10,1025,40.25,25,13,12,113,113,119,0,4,15.8,météo favorable,21:40:00,05:57:00,15
2022-05-27,24,12,13,12,19,21,0,86,10,1026,31.875,25,12,12,116,119,113,0,5,15.6,météo correcte,21:41:00,05:56:00,13
2022-05-28,20,10,13,10,19,19,0,77,10,1027,14.25,20,8,9,113,113,116,0,5,15.9,météo favorable,21:42:00,05:55:00,10
2022-05-29,16,7,15,7,13,14,0,81,10,1021,31.875,16,5,5,113,119,116,0,4,15.9,météo correcte,21:43:00,05:54:00,8
2022-05-30,19,7,13,7,17,19,0,78,10,1015,21.125,19,6,4,113,113,116,0,4,15.9,météo favorable,21:44:00,05:53:00,7
2022-05-31,21,13,11,13,21,20,0,59,10,1017,31.125,23,8,13,113,113,113,0,4,15.9,météo favorable,21:45:00,05:53:00,13
2022-06-01,23,10,8,11,20,22,0,78,10,1019,9.75,24,8,11,113,113,113,0,5,15.9,météo favorable,21:46:00,05:52:00,10
2022-06-02,24,11,16,11,22,23,0,74,10,1020,13.5,25,11,9,113,116,113,0,5,16,météo favorable,21:47:00,05:51:00,11
2022-06-03,25,14,8,14,24,25,0.1,71,10,1017,27.75,26,16,14,113,113,116,0,6,16,météo favorable,21:48:00,05:51:00,14
2022-06-04,29,16,13,16,28,28,2,94,7.5,1017,47,29,17,16,143,113,200,0,5,15.6,météo favorable,21:49:00,05:50:00,16
2022-06-05,25,17,15,17,25,23,3.7,95,9.75,1017,68,26,17,17,386,200,386,0,5,13.8,météo défavorable,21:50:00,05:50:00,18
2022-06-06,23,13,15,13,21,22,0,84,10,1019,35.5,24,12,13,113,116,116,0,5,16,météo favorable,21:50:00,05:49:00,14
2022-06-07,22,14,15,14,20,19,0.6,94,9.875,1017,78.5,24,16,14,353,116,176,0,4,13.8,météo défavorable,21:51:00,05:49:00,15
2022-06-08,22,14,19,14,16,19,3,97,9.875,1015,70,25,15,12,122,353,176,0,5,12.9,météo défavorable,21:52:00,05:48:00,14
2022-06-09,20,12,21,12,18,19,0.8,86,10,1020,46.375,20,10,10,116,353,176,0,5,13.8,météo correcte,21:53:00,05:48:00,12
2022-06-10,29,14,13,14,24,27,0,82,10,1023,36.625,29,14,14,113,116,113,0,5,16.1,météo favorable,21:53:00,05:48:00,15
2022-06-11,28,16,9,16,25,25,0,85,10,1024,24.25,28,15,16,113,119,116,0,6,16.1,météo correcte,21:54:00,05:47:00,16
2022-06-12,27,13,12,13,25,23,0,73,10,1026,22.125,26,10,12,116,113,122,0,6,16.1,météo favorable,21:54:00,05:47:00,13
2022-06-13,26,12,10,12,22,25,0,79,10,1026,0.875,26,11,12,113,113,113,0,6,16.1,météo favorable,21:55:00,05:47:00,12
2022-06-14,28,13,13,13,23,27,0,72,10,1023,23.25,27,11,12,116,122,113,0,6,16.1,météo correcte,21:56:00,05:47:00,13
2022-06-15,33,15,9,15,30,31,0,71,10,1018,6.75,32,14,15,113,113,113,0,7,16.1,météo idéale,21:56:00,05:47:00,15
2022-06-16,31,17,11,17,29,28,0,74,10,1022,5.25,30,14,17,113,113,113,0,7,16.1,météo idéale,21:56:00,05:47:00,17
2022-06-17,36,18,12,18,33,35,0,65,10,1023,3.25,36,14,18,113,113,113,0,7,16.1,météo favorable,21:57:00,05:47:00,18
2022-06-18,42,23,11,23,39,40,0,52,10,1021,4.75,42,14,23,113,113,113,0,8,16.1,météo correcte,21:57:00,05:47:00,23
2022-06-19,33,19,12,19,32,31,0,77,10,1011,12,34,18,19,113,113,113,0,7,16.1,météo idéale,21:57:00,05:47:00,22
2022-06-20,27,13,15,13,23,26,0.4,83,10,1018,45.25,26,15,12,119,113,113,0,5,15.6,météo favorable,21:58:00,05:47:00,14
2022-06-21,29,15,11,15,24,25,0,64,10,1016,23.375,30,16,14,116,113,119,0,6,16.1,météo idéale,21:58:00,05:47:00,15
2022-06-22,30,17,8,17,28,29,0.1,81,10,1011,28,30,17,17,113,113,116,0,6,16.1,météo idéale,21:58:00,05:47:00,17
2022-06-23,31,18,11,18,29,30,0.1,84,9.875,1011,31.375,30,16,18,113,116,113,0,6,16.1,météo favorable,21:58:00,05:48:00,19
2022-06-24,24,16,21,16,23,23,0.5,95,9.875,1010,64,25,16,16,353,176,116,0,5,14.7,météo correcte,21:58:00,05:48:00,17
2022-06-25,19,15,15,16,19,17,1.1,92,9,1012,68.75,19,16,16,119,122,353,0,5,13.9,météo défavorable,21:58:00,05:48:00,16
2022-06-26,21,12,9,12,20,21,0,84,10,1017,35,24,12,12,113,116,116,0,5,16.1,météo favorable,21:58:00,05:49:00,12
2022-06-27,25,15,13,15,21,24,0,85,10,1021,30.625,24,13,14,119,113,113,0,6,16.1,météo favorable,21:58:00,05:49:00,15
2022-06-28,29,13,11,13,26,28,0,71,10,1022,9.5,28,9,13,113,113,113,0,6,16.1,météo favorable,21:58:00,05:50:00,13
2022-06-29,28,16,10,16,24,28,0,59,10,1016,12.5,27,10,16,113,113,113,0,6,16.1,météo idéale,21:58:00,05:50:00,17
2022-06-30,18,13,15,13,14,18,5.8,96,7.25,1016,73.125,18,14,13,296,296,176,0,3,12.9,météo défavorable,21:58:00,05:51:00,15
2022-07-01,23,11,14,11,20,22,0.1,85,10,1021,32.5,24,11,10,113,119,113,0,4,16.1,météo correcte,21:58:00,05:51:00,11
2022-07-02,29,14,9,14,25,28,0,68,10,1022,7.5,28,10,14,113,113,113,0,6,16.1,météo favorable,21:57:00,05:52:00,14
2022-07-03,27,14,10,14,25,26,0,75,10,1022,10.625,26,12,14,113,113,113,0,6,16,météo favorable,21:57:00,05:53:00,14
2022-07-04,27,14,9,14,24,26,0,74,10,1023,7,26,10,14,113,113,113,0,6,16,météo favorable,21:57:00,05:53:00,14
2022-07-05,27,14,10,14,25,26,0,71,10,1025,8.625,26,10,14,113,113,113,0,6,16,météo favorable,21:56:00,05:54:00,14
2022-07-06,27,13,10,13,25,26,0,63,10,1028,13.75,26,12,13,113,113,116,0,6,16,météo favorable,21:56:00,05:55:00,14
2022-07-07,25,16,20,16,22,22,0,79,10,1029,22.875,25,13,16,116,119,113,0,6,16,météo correcte,21:55:00,05:56:00,16
2022-07-08,27,11,15,11,23,26,0,81,10,1032,2.25,26,12,10,113,113,113,0,6,16,météo favorable,21:55:00,05:56:00,12
2022-07-09,31,17,14,17,30,29,0,65,10,1029,9.5,30,13,17,113,113,113,0,7,16,météo idéale,21:54:00,05:57:00,17
2022-07-10,27,13,18,13,23,26,0,74,10,1027,5.25,26,11,12,113,113,113,0,6,16,météo favorable,21:54:00,05:58:00,14
2022-07-11,31,16,14,16,30,30,0,73,10,1024,5.25,29,13,16,113,113,113,0,7,15.9,météo idéale,21:53:00,05:59:00,17
2022-07-12,37,19,6,19,33,35,0,54,10,1023,23,35,11,19,119,113,113,0,7,15.5,météo favorable,21:52:00,06:00:00,20
2022-07-13,40,22,12,22,38,35,0,39,10,1022,11,40,10,22,113,113,113,0,8,14.5,météo correcte,21:51:00,06:01:00,22
2022-07-14,33,21,18,21,32,31,0,56,10,1020,6.75,31,12,21,113,113,113,0,7,14.5,météo idéale,21:51:00,06:02:00,21
2022-07-15,30,15,12,15,27,29,0,58,10,1024,1.625,28,8,15,113,113,113,0,6,14.5,météo idéale,21:50:00,06:03:00,16
2022-07-16,33,16,12,16,30,30,0,51,10,1024,2.5,31,9,16,113,113,113,0,7,14.5,météo idéale,21:49:00,06:04:00,17
2022-07-17,36,17,13,17,33,33,0,54,10,1025,2.125,34,9,17,113,113,113,0,7,14.5,météo idéale,21:48:00,06:05:00,18
2022-07-18,43,22,12,22,40,40,0,30,10,1022,0.875,44,7,22,113,113,113,0,8,14.5,météo défavorable,21:47:00,06:06:00,22
2022-07-19,42,24,21,24,41,41,0,37,9.875,1017,6.875,43,13,24,113,113,113,0,9,14.5,météo correcte,21:46:00,06:07:00,26
2022-07-20,27,19,18,21,20,26,2.5,83,9.625,1019,59,27,17,20,176,353,176,0,6,11.6,météo correcte,21:45:00,06:08:00,21
2022-07-21,30,18,10,18,27,28,0,82,10,1021,37.25,30,15,18,113,119,113,0,6,13.5,météo correcte,21:44:00,06:10:00,19
2022-07-22,30,17,10,17,25,26,0.3,77,10,1020,29.25,30,16,17,113,116,116,0,6,13.5,météo favorable,21:43:00,06:11:00,18
2022-07-23,31,18,11,18,28,29,0.5,93,10,1020,47.625,31,17,18,353,113,113,0,6,13.5,météo favorable,21:42:00,06:12:00,19
2022-07-24,36,19,10,19,33,35,0,74,10,1020,7.625,35,14,19,113,113,113,0,7,14.5,météo favorable,21:40:00,06:13:00,19
2022-07-25,32,20,24,20,26,28,0.1,66,10,1015,32.125,31,13,20,176,116,116,0,7,14.5,météo favorable,21:39:00,06:14:00,23
2022-07-26,26,16,12,16,22,26,0,79,10,1018,39.375,25,13,16,116,122,113,0,6,13.5,météo correcte,21:38:00,06:16:00,17
2022-07-27,29,14,15,14,25,27,0,62,10,1020,8.75,27,8,13,113,113,113,0,6,14.5,météo favorable,21:37:00,06:17:00,16
2022-07-28,30,16,9,16,27,26,0,46,10,1015,47.25,28,7,16,113,116,122,0,6,12.5,météo favorable,21:35:00,06:18:00,17
2022-07-29,31,19,9,19,29,30,0,50,10,1017,41.5,29,10,19,116,116,113,0,6,14.5,météo favorable,21:34:00,06:20:00,21
2022-07-30,33,18,8,18,32,31,0,53,10,1020,30,31,11,18,113,113,119,0,7,13.5,météo favorable,21:32:00,06:21:00,19
2022-07-31,29,18,18,18,29,28,0,76,10,1020,24.25,29,15,18,113,116,116,0,6,13.5,météo favorable,21:31:00,06:22:00,19
2022-08-01,30,19,10,19,28,29,0,78,9.875,1019,22.375,30,15,19,113,116,116,0,7,14.5,météo favorable,21:30:00,06:24:00,19
2022-08-02,36,19,9,19,32,34,0,55,10,1018,11.25,36,14,19,113,113,113,0,7,14.5,météo favorable,21:28:00,06:25:00,20
2022-08-03,39,20,6,20,37,38,0,65,10,1016,7.125,39,14,20,113,113,113,0,8,14.5,météo favorable,21:27:00,06:26:00,21
2022-08-04,34,21,14,21,32,33,0,65,10,1014,23.375,33,14,21,116,116,113,0,7,14.5,météo favorable,21:25:00,06:28:00,22
2022-08-05,30,17,15,17,29,28,0.5,76,9.875,1022,26.875,28,13,17,176,113,113,0,5,14.5,météo idéale,21:23:00,06:29:00,18
2022-08-06,28,14,19,14,25,27,0,50,10,1025,2.25,26,5,13,113,113,113,0,6,14.5,météo favorable,21:22:00,06:30:00,15
2022-08-07,30,14,17,14,27,29,0,59,10,1024,0.5,27,6,13,113,113,113,0,6,14.5,météo favorable,21:20:00,06:32:00,16
2022-08-08,31,15,16,15,29,31,0,59,10,1023,0.75,29,7,15,113,113,113,0,7,14.5,météo idéale,21:19:00,06:33:00,17
2022-08-09,33,17,16,17,31,32,0,65,10,1024,2.625,31,10,17,113,113,113,0,7,14.5,météo idéale,21:17:00,06:34:00,18
2022-08-10,35,19,14,19,35,34,0,52,10,1023,5,34,9,19,113,113,113,0,7,14.5,météo idéale,21:15:00,06:36:00,21
2022-08-11,35,21,21,21,35,34,0,34,10,1018,1.125,33,6,21,113,113,113,0,8,14.5,météo idéale,21:13:00,06:37:00,23
2022-08-12,36,21,18,21,34,35,0,32,10,1016,0.25,35,5,21,113,113,113,0,8,14.5,météo favorable,21:12:00,06:39:00,23
2022-08-13,38,21,10,21,35,36,0,32,10,1015,1.375,36,7,21,113,113,113,0,8,14.5,météo favorable,21:10:00,06:40:00,23
2022-08-14,34,22,11,22,33,30,1.1,34,10,1011,33.5,32,16,22,113,113,176,0,7,12.4,météo favorable,21:08:00,06:42:00,23
2022-08-15,28,19,19,21,23,28,0,72,10,1005,52.375,27,14,19,119,116,116,0,6,13.4,météo favorable,21:06:00,06:43:00,21
2022-08-16,28,19,14,19,25,24,0.3,70,9.875,1008,47.375,28,15,19,116,116,116,0,5,14.5,météo favorable,21:04:00,06:44:00,20
2022-08-17,31,18,10,18,28,25,0.8,79,9.5,1013,48.125,30,16,18,200,176,386,0,6,11.3,météo favorable,21:03:00,06:46:00,19
2022-08-18,30,18,10,18,30,29,0.2,77,10,1015,24.25,30,16,18,113,113,113,0,6,14.5,météo idéale,21:01:00,06:47:00,19
2022-08-19,27,18,14,18,27,25,0.4,78,9.875,1018,47,27,17,18,113,119,176,0,6,8.2,météo correcte,20:59:00,06:49:00,19
2022-08-20,26,15,11,15,25,25,2.1,84,10,1020,22.375,26,17,15,113,113,116,0,5,11.6,météo idéale,20:57:00,06:50:00,17
2022-08-21,30,16,3,16,25,27,0,69,10,1019,11,29,12,16,113,113,116,0,6,11.6,météo idéale,20:55:00,06:51:00,17
2022-08-22,27,19,10,19,24,27,0,57,10,1015,50.75,26,13,19,116,116,116,0,5,11.6,météo favorable,20:53:00,06:53:00,19
2022-08-23,31,19,4,19,31,29,0,81,10,1016,32.875,31,17,19,113,113,116,0,6,11.6,météo favorable,20:51:00,06:54:00,20
2022-08-24,37,21,5,21,33,34,0,57,10,1016,15.75,36,13,21,113,113,113,0,8,11.6,météo favorable,20:49:00,06:56:00,22
2022-08-25,34,22,13,23,34,26,0,39,10,1016,24.75,33,16,23,113,113,116,0,7,11.6,météo idéale,20:47:00,06:57:00,24
2022-08-26,28,18,14,18,27,25,0.1,80,10,1017,42.375,28,15,18,116,116,116,0,5,10.4,météo favorable,20:45:00,06:59:00,20
2022-08-27,30,16,12,16,25,28,0,78,10,1017,9,28,14,16,113,113,113,0,6,11.6,météo idéale,20:43:00,07:00:00,18
2022-08-28,31,15,13,15,28,27,0,71,10,1017,6.75,29,11,15,113,113,113,0,6,11.6,météo idéale,20:41:00,07:02:00,17
2022-08-29,29,16,17,16,26,27,0,56,10,1017,11.625,28,9,16,113,113,113,0,6,11.6,météo idéale,20:39:00,07:03:00,17
2022-08-30,31,16,14,16,26,28,0,58,10,1017,5.375,30,11,16,113,113,113,0,6,11.6,météo idéale,20:37:00,07:04:00,17
2022-08-31,30,16,6,16,28,29,0,76,10,1020,12.5,29,13,16,113,113,113,0,6,11.6,météo idéale,20:35:00,07:06:00,16
2022-09-01,29,17,18,17,27,28,0,71,10,1017,16.125,27,12,17,113,113,113,0,6,11.6,météo idéale,20:33:00,07:07:00,19
2022-09-02,26,17,12,17,22,24,1.5,86,9.75,1013,69.625,26,16,17,176,353,176,0,5,7.9,météo défavorable,20:31:00,07:09:00,19
2022-09-03,25,17,13,17,21,25,0.4,88,9.875,1012,58.375,26,15,17,119,122,116,0,5,7.8,météo correcte,20:29:00,07:10:00,18
2022-09-04,32,16,9,16,29,29,0,75,10,1016,23.625,30,13,16,113,113,116,0,7,10.3,météo idéale,20:27:00,07:12:00,17
2022-09-05,25,19,14,20,23,25,3.1,66,9.625,1018,69.25,27,20,20,176,176,176,0,6,6.6,météo défavorable,20:25:00,07:13:00,20
2022-09-06,30,17,13,17,25,27,0.4,81,10,1017,36.625,29,16,17,176,116,116,0,5,11.6,météo favorable,20:23:00,07:14:00,18
2022-09-07,25,17,19,17,22,20,0.5,76,9.875,1015,57.75,25,13,17,176,116,176,0,6,10.3,météo correcte,20:20:00,07:16:00,19
2022-09-08,22,15,21,15,21,22,0.4,87,9.75,1012,70.375,24,13,15,116,176,176,0,4,6.5,météo défavorable,20:18:00,07:17:00,16
2022-09-09,21,15,22,15,20,20,0.4,86,10,1012,67.5,24,13,14,122,119,353,0,5,6.5,météo défavorable,20:16:00,07:19:00,15
2022-09-10,22,15,15,15,20,22,0,77,10,1017,61.375,24,12,15,119,122,116,0,5,7.8,météo correcte,20:14:00,07:20:00,15
2022-09-11,26,14,7,14,23,25,0,83,10,1018,17.625,26,12,15,113,113,113,0,6,11.6,météo favorable,20:12:00,07:22:00,16
2022-09-12,30,16,12,16,29,29,0,73,10,1015,10,28,12,16,113,113,113,0,6,11.6,météo idéale,20:10:00,07:23:00,17
2022-09-13,29,22,6,22,23,27,0.1,46,10,1009,48,29,19,22,119,116,116,0,6,11.6,météo favorable,20:08:00,07:24:00,22
2022-09-14,27,18,12,18,22,24,3.5,93,9.625,1007,70.5,28,18,18,176,353,176,0,5,7.7,météo défavorable,20:06:00,07:26:00,19
2022-09-15,25,18,13,18,23,23,0.3,84,10,1011,59.5,25,17,18,176,113,113,0,5,11.6,météo correcte,20:04:00,07:27:00,18
2022-09-16,18,13,11,14,16,17,0,74,10,1017,38.625,18,11,13,113,116,116,0,5,10.3,météo favorable,20:02:00,07:29:00,15
2022-09-17,17,11,21,11,14,15,0.1,75,10,1023,49.375,17,8,9,116,176,116,0,4,9,météo correcte,20:00:00,07:30:00,11
2022-09-18,17,10,19,10,17,16,0,67,10,1021,52.75,17,7,9,113,116,122,0,4,7.5,météo correcte,19:57:00,07:31:00,11
2022-09-19,19,11,10,11,17,18,0,67,10,1025,41.125,19,6,11,113,116,116,0,5,11.6,météo favorable,19:55:00,07:33:00,12
2022-09-20,18,10,13,10,17,18,0,67,10,1025,37.25,18,7,10,113,113,122,0,5,7.5,météo favorable,19:53:00,07:34:00,11
2022-09-21,21,11,13,11,19,20,0,71,10,1026,8,23,8,10,113,113,113,0,5,11.6,météo favorable,19:51:00,07:36:00,12
2022-09-22,21,11,10,11,19,20,0,56,10,1024,27.125,23,3,11,113,119,116,0,5,10.2,météo correcte,19:49:00,07:37:00,12
2022-09-23,21,12,6,12,19,20,0,56,10,1019,46.25,23,4,11,113,122,122,0,5,7.4,météo correcte,19:47:00,07:39:00,13
2022-09-24,16,13,17,13,16,16,0.3,83,10,1014,86.625,16,10,12,122,122,176,0,3,6,météo défavorable,19:45:00,07:40:00,14
2022-09-25,17,12,9,12,15,16,0,86,10,1014,56.375,17,11,12,119,122,116,0,4,7.4,météo correcte,19:43:00,07:41:00,12
2022-09-26,17,12,26,13,17,13,1.7,77,8.875,1013,77,17,11,12,119,119,296,0,4,6,météo défavorable,19:41:00,07:43:00,12
2022-09-27,14,9,20,9,13,14,0.4,76,9.875,1008,59.75,14,8,7,119,116,176,0,3,6,météo correcte,19:38:00,07:44:00,10
2022-09-28,16,12,16,12,15,15,0.4,67,10,1003,62.375,16,11,11,116,119,176,0,3,7.4,météo correcte,19:36:00,07:46:00,13
2022-09-29,15,10,12,11,12,14,0.5,75,10,1007,51.625,15,8,9,116,176,353,0,4,7.4,météo correcte,19:34:00,07:47:00,10
2022-09-30,21,9,7,9,19,18,0,63,10,1011,14.375,21,5,9,113,113,113,0,5,11.6,météo favorable,19:32:00,07:49:00,10
2022-10-01,20,11,27,12,17,16,3.5,92,7.75,1017,74,20,13,10,296,353,176,0,5,7.3,météo défavorable,18:30:00,06:50:00,11
2022-10-02,24,16,25,16,18,22,0.1,84,10,1020,71.375,25,14,16,122,176,113,0,4,8.7,météo défavorable,18:27:00,06:51:00,16
2022-10-03,23,13,6,13,20,21,0,94,8,1024,61,25,13,14,119,113,122,0,4,10.2,météo correcte,18:25:00,06:53:00,13
2022-10-04,23,14,10,14,21,21,0,85,10,1021,38,25,12,14,113,113,122,0,5,10.2,météo favorable,18:23:00,06:54:00,14
2022-10-05,27,14,23,14,25,22,0,70,10,1025,35.125,27,11,14,116,113,116,0,6,11.6,météo favorable,18:21:00,06:56:00,15
2022-10-06,22,12,6,12,21,20,0,70,10,1032,1.25,24,9,12,113,113,113,0,5,11.6,météo favorable,18:19:00,06:57:00,13
2022-10-07,23,11,7,11,21,19,0,64,10,1029,6.125,24,7,11,113,113,113,0,5,11.6,météo favorable,18:17:00,06:59:00,12
2022-10-08,22,13,9,13,18,20,0,83,10,1025,16.75,24,10,12,122,113,113,0,5,11.2,météo favorable,18:15:00,07:00:00,13
2022-10-09,22,9,12,9,17,21,0,66,10,1026,4.75,24,6,8,113,113,113,0,5,11.1,météo favorable,18:13:00,07:02:00,11
2022-10-10,23,12,7,12,20,20,0,65,10,1024,30.875,24,10,12,113,116,113,0,4,11.1,météo favorable,18:11:00,07:03:00,13
2022-10-11,22,12,13,12,18,19,0,66,10,1025,18.375,24,8,10,113,113,113,0,4,11,météo favorable,18:09:00,07:05:00,13
2022-10-12,18,9,5,9,16,17,0,61,10,1025,28.375,18,2,9,113,116,113,0,4,11,météo favorable,18:07:00,07:06:00,10
2022-10-13,16,12,12,12,16,13,0.1,72,10,1023,73.875,16,10,12,116,116,176,0,3,5.5,météo défavorable,18:05:00,07:08:00,13
2022-10-14,19,14,12,14,17,18,0.5,92,9,1017,93,19,14,13,176,176,119,0,4,5.5,météo défavorable,18:03:00,07:09:00,14
2022-10-15,20,15,23,16,20,17,0.2,88,10,1013,74.25,20,14,16,176,176,122,0,4,8.5,météo défavorable,18:01:00,07:11:00,15
2022-10-16,20,13,11,13,16,18,4.7,92,7.5,1014,69.5,20,15,12,266,296,116,0,5,3.9,météo défavorable,17:59:00,07:12:00,14
2022-10-17,22,16,15,16,22,19,0.2,84,10,1022,75.375,25,16,16,116,119,176,0,4,5.5,météo défavorable,17:57:00,07:14:00,17
2022-10-18,20,15,10,15,18,18,1.5,92,9.875,1027,79.875,20,14,15,176,119,119,0,4,5.5,météo défavorable,17:55:00,07:16:00,15
2022-10-19,24,15,17,15,21,22,0,90,10,1023,20.125,25,15,15,113,116,113,0,5,8.7,météo favorable,17:54:00,07:17:00,16
2022-10-20,22,17,18,17,20,20,3.6,84,9.625,1013,46.75,25,15,17,353,116,176,0,4,7.1,météo favorable,17:52:00,07:19:00,17
2022-10-21,23,16,21,16,20,20,1.5,85,9.75,1012,53.125,24,14,16,200,113,116,0,4,8.7,météo favorable,17:50:00,07:20:00,16
2022-10-22,22,15,15,15,20,20,0,76,10,1017,36.375,24,11,14,116,113,116,0,5,8.7,météo favorable,17:48:00,07:22:00,16
2022-10-23,25,16,21,17,21,21,0.2,61,9.5,1012,54.75,25,12,17,119,200,200,0,6,7.1,météo correcte,17:46:00,07:23:00,17
2022-10-24,22,16,24,16,20,19,0,68,10,1014,23.5,24,11,16,116,113,113,0,5,8.7,météo favorable,17:44:00,07:25:00,17
2022-10-25,21,14,15,15,19,19,0,75,10,1017,49.625,21,11,14,122,113,116,0,5,8.7,météo favorable,17:43:00,07:27:00,14
2022-10-26,22,16,17,17,20,21,0,76,10,1020,15.375,24,12,16,116,113,113,0,5,8.7,météo favorable,17:41:00,07:28:00,17
2022-10-27,24,16,13,17,22,22,0,73,10,1020,42.375,25,13,17,116,113,116,0,6,8.7,météo favorable,17:39:00,07:30:00,16
2022-10-28,25,19,14,19,22,22,0,57,10,1021,15,25,12,19,113,113,113,0,6,8.7,météo idéale,17:37:00,07:31:00,19
2022-10-29,24,18,12,18,22,22,0,63,10,1021,41.875,25,11,18,116,116,116,0,6,8.7,météo favorable,17:36:00,07:33:00,18
2022-10-30,21,16,10,17,20,19,0,67,10,1020,41.375,21,11,17,113,116,119,0,5,8.7,météo favorable,17:34:00,07:34:00,18
2022-10-31,19,15,9,15,17,18,0.7,82,9,1020,64,19,13,15,176,353,116,0,5,3.7,météo correcte,17:32:00,07:36:00,16
2022-11-01,18,14,29,15,17,17,0.5,71,9.875,1020,70.625,18,13,13,176,113,116,0,4,7,météo défavorable,17:31:00,07:38:00,17
2022-11-02,16,11,19,11,15,15,0.2,78,9.875,1025,32.625,16,9,9,113,113,122,0,3,8.7,météo correcte,17:29:00,07:39:00,12
2022-11-03,16,12,19,13,16,14,0.6,77,10,1018,71.875,16,9,11,116,119,353,0,4,3.7,météo défavorable,17:27:00,07:41:00,13
2022-11-04,12,9,20,9,12,11,2.9,87,8.75,1016,71.125,12,7,7,266,353,176,0,3,3.7,météo défavorable,17:26:00,07:42:00,10
2022-11-05,14,8,13,8,12,13,0,82,10,1022,40.25,14,6,8,116,119,119,0,4,7,météo correcte,17:24:00,07:44:00,9
2022-11-06,14,9,22,9,11,14,0.5,81,8,1019,57.625,14,10,6,113,176,266,0,4,5.3,météo correcte,17:23:00,07:46:00,9
2022-11-07,16,11,21,11,15,14,0,88,10,1015,82.125,16,10,9,122,116,116,0,3,5.3,météo défavorable,17:21:00,07:47:00,11
2022-11-08,17,12,23,12,16,15,0,66,10,1011,58.25,17,10,10,116,122,122,0,4,7,météo correcte,17:20:00,07:49:00,13
2022-11-09,16,12,19,13,15,15,0,80,10,1020,38.75,16,9,11,122,116,113,0,4,8.7,météo correcte,17:18:00,07:50:00,13
2022-11-10,17,10,12,10,16,14,0,86,10,1029,24.375,17,9,9,113,113,119,0,4,8.7,météo correcte,17:17:00,07:52:00,10
2022-11-11,19,9,10,9,14,16,0,83,10,1031,21.75,19,9,9,116,113,113,0,4,8.7,météo favorable,17:16:00,07:53:00,10
2022-11-12,19,11,6,11,18,16,0,83,10,1031,39.75,19,11,10,113,113,116,0,3,8.7,météo favorable,17:14:00,07:55:00,11
2022-11-13,17,11,6,11,16,14,0,65,10,1025,32,17,8,10,116,113,116,0,3,8.7,météo correcte,17:13:00,07:56:00,11
2022-11-14,15,10,17,10,15,13,0.3,83,9.875,1016,38.375,15,10,10,113,116,176,0,4,7,météo correcte,17:12:00,07:58:00,10
2022-11-15,14,9,19,9,12,14,1.1,87,9,1013,67.25,14,12,8,113,122,353,0,4,5.3,météo défavorable,17:11:00,07:59:00,10
2022-11-16,12,10,21,10,12,12,1.8,85,8.875,1005,94.125,12,10,7,122,176,266,0,3,3.4,météo défavorable,17:09:00,08:01:00,10
2022-11-17,14,11,27,13,14,12,1.4,70,9.875,1004,64,14,10,10,353,176,116,0,3,6.9,météo correcte,17:08:00,08:03:00,13
2022-11-18,13,8,12,9,11,11,0.1,87,10,1012,39.375,13,7,7,113,116,176,0,4,8.7,météo correcte,17:07:00,08:04:00,9
2022-11-19,11,7,9,7,10,10,0.2,82,10,1016,29.375,11,5,5,113,113,113,0,2,8.7,météo défavorable,17:06:00,08:05:00,8
2022-11-20,9,6,20,6,6,8,0.5,84,9,1014,56.625,9,6,3,113,266,176,0,3,5.1,météo défavorable,17:05:00,08:07:00,6
2022-11-21,9,7,18,7,8,8,0.9,87,9.875,1016,87.75,9,6,4,116,122,296,0,2,3.4,météo défavorable,17:04:00,08:08:00,8
2022-11-22,11,6,19,6,10,9,0.3,81,9.875,1005,34,11,4,2,113,176,119,0,3,5.1,météo défavorable,17:03:00,08:10:00,7
2022-11-23,11,7,21,7,9,10,0.3,88,9,1012,50.5,11,7,4,116,266,113,0,2,6.9,météo défavorable,17:02:00,08:11:00,8
2022-11-24,11,7,15,8,10,10,0,90,10,1015,56.5,11,7,5,116,122,116,0,3,6.9,météo défavorable,17:01:00,08:13:00,9
2022-11-25,11,7,14,8,10,10,0.6,89,9,1024,44.375,11,7,5,116,113,116,0,2,6.9,météo défavorable,17:00:00,08:14:00,9
2022-11-26,11,7,10,7,9,9,0,92,10,1031,45.375,11,6,6,116,116,116,0,3,6.9,météo défavorable,17:00:00,08:16:00,7
2022-11-27,11,8,15,9,11,11,0,63,10,1025,73.375,11,5,7,122,116,119,0,3,6.9,météo défavorable,16:59:00,08:17:00,9
2022-11-28,11,8,15,9,11,10,0.9,84,9.375,1016,67.625,11,6,6,263,116,116,0,2,6.9,météo défavorable,16:58:00,08:18:00,8
2022-11-29,12,7,7,8,11,10,0,83,10,1020,40.75,12,6,6,116,113,113,0,2,8.4,météo défavorable,16:58:00,08:20:00,8
2022-11-30,10,5,8,5,8,8,0,91,10,1022,19.625,10,5,4,113,113,113,0,3,8.4,météo très défavorable,16:57:00,08:21:00,6
2022-12-01,8,5,13,5,7,8,0,81,10,1025,57.25,8,4,2,119,122,116,0,2,5,météo très défavorable,16:56:00,08:22:00,7
2022-12-02,7,4,16,4,6,6,0,83,10,1025,73.75,7,2,1,122,116,122,0,2,6.8,météo très défavorable,16:56:00,08:24:00,4
2022-12-03,3,1,15,1,2,3,0,86,10,1021,98.875,3,0,-4,326,122,122,0,1,3.1,météo très défavorable,16:55:00,08:25:00,1
2022-12-04,5,1,12,1,4,5,0,82,10,1016,62.75,5,1,-3,116,122,122,0,2,5,météo très défavorable,16:55:00,08:26:00,1
2022-12-05,5,3,8,3,4,5,0.3,83,9,1022,99.25,5,2,1,266,122,122,0,1,3.1,météo très défavorable,16:55:00,08:27:00,3
2022-12-06,6,2,10,3,5,5,0,80,10,1023,78.625,6,2,1,122,116,122,0,2,5,météo très défavorable,16:54:00,08:28:00,2
2022-12-07,6,2,6,3,5,5,0,90,10,1022,58.125,6,2,1,116,119,116,0,2,5,météo très défavorable,16:54:00,08:29:00,3
2022-12-08,5,2,5,2,4,4,0,91,10,1017,51.625,5,1,2,122,119,113,0,2,5,météo très défavorable,16:54:00,08:31:00,2
2022-12-09,6,-1,11,0,3,4,0,84,10,1009,6.5,6,0,-3,113,113,113,0,2,8.2,météo très défavorable,16:54:00,08:32:00,0
2022-12-10,5,-1,8,-1,4,4,0,84,10,1012,2.625,5,0,-3,113,113,113,0,2,8.2,météo très défavorable,16:54:00,08:33:00,-1
2022-12-11,3,-1,7,-1,2,2,0,75,10,1013,25,3,0,-3,113,116,116,0,2,8.2,météo très défavorable,16:54:00,08:34:00,0
2022-12-12,3,-1,10,-1,1,1,0,75,10,1014,60.25,3,0,-4,116,326,116,0,1,4.9,météo très défavorable,16:54:00,08:35:00,-1
2022-12-13,2,-2,17,-2,1,1,0,66,10,1010,38.125,2,0,-6,113,113,116,0,2,6.8,météo très défavorable,16:54:00,08:35:00,-1
2022-12-14,4,1,8,2,4,2,0.8,98,5.75,1001,100,4,3,1,266,143,176,0,1,3.1,météo très défavorable,16:54:00,08:36:00,2
2022-12-15,2,-1,12,-1,1,0,0.1,75,10,1013,75.5,2,0,-5,326,122,116,0,1,3.1,météo très défavorable,16:54:00,08:37:00,-1
2022-12-16,4,-2,11,-1,2,0,0,80,10,1023,1.875,4,0,-5,113,113,113,0,2,8.2,météo très défavorable,16:54:00,08:38:00,-1
2022-12-17,1,-4,9,-4,0,0,0,83,10,1025,5,1,0,-7,113,113,113,0,2,8.2,météo très défavorable,16:54:00,08:39:00,-3
2022-12-18,2,-3,10,-3,0,1,0,58,10,1026,39.25,2,0,-7,113,116,116,0,2,8.2,météo très défavorable,16:55:00,08:39:00,-3
2022-12-19,10,5,19,6,9,10,0.2,76,9,1019,65.375,10,6,3,122,113,119,0,2,8.2,météo défavorable,16:55:00,08:40:00,6
2022-12-20,12,10,18,10,10,11,0.4,84,9,1016,86.125,12,10,7,116,122,176,0,3,4.9,météo défavorable,16:56:00,08:41:00,10
2022-12-21,10,7,16,8,9,9,3.5,92,9.125,1020,61.625,10,9,5,263,119,113,0,2,4.9,météo défavorable,16:56:00,08:41:00,9
2022-12-22,13,9,19,10,12,12,1.1,93,9.75,1015,85.5,13,12,7,122,122,296,0,3,3.1,météo défavorable,16:57:00,08:42:00,9
2022-12-23,15,12,30,14,15,14,1,91,9,1011,92.125,15,12,12,176,353,176,0,3,3.1,météo défavorable,16:57:00,08:42:00,14
2022-12-24,12,10,18,10,11,11,0,80,10,1018,87.625,12,8,8,122,116,122,0,3,4.9,météo défavorable,16:58:00,08:42:00,11
2022-12-25,15,9,23,9,11,15,0,95,9,1017,68,15,9,8,143,116,122,0,3,6.8,météo défavorable,16:58:00,08:43:00,10
2022-12-26,9,6,16,9,9,8,3.5,94,8.75,1031,56.125,9,8,5,266,296,113,0,3,3.1,météo défavorable,16:59:00,08:43:00,9
2022-12-27,7,4,13,4,6,6,0,70,10,1031,40.5,7,1,2,113,122,116,0,3,6.9,météo très défavorable,17:00:00,08:43:00,5
2022-12-28,11,6,22,6,10,11,0.1,94,10,1025,93,11,8,3,122,122,176,0,2,3.2,météo défavorable,17:01:00,08:44:00,6
2022-12-29,11,9,26,11,11,10,1.4,81,10,1011,87.375,11,9,8,353,119,353,0,3,5,météo défavorable,17:01:00,08:44:00,11
2022-12-30,15,6,30,6,9,14,1.2,89,7,1015,64.875,15,12,3,116,176,266,0,3,3.2,météo correcte,17:02:00,08:44:00,6
2022-12-31,17,14,28,15,16,17,0.2,82,10,1016,61.125,17,12,12,176,116,113,0,4,5,météo correcte,17:03:00,08:44:00,15
2023-01-01,14,12,21,13,13,12,0,75,10,1020,65.5,14,9,10,116,122,122,0,4,5.1,météo défavorable,17:04:00,08:44:00,13
2023-01-02,11,8,19,11,8,9,6.1,95,7.625,1028,84.75,11,10,5,296,296,176,0,2,3.2,météo défavorable,17:05:00,08:44:00,10
2023-01-03,10,6,15,6,8,9,0,94,9,1030,37.875,10,6,4,116,116,113,0,3,6.9,météo défavorable,17:06:00,08:44:00,7
2023-01-04,12,8,25,9,11,12,0,82,10,1028,90.625,12,10,6,122,122,122,0,4,3.2,météo défavorable,17:07:00,08:44:00,8
2023-01-05,13,12,15,12,13,13,0.1,94,10,1025,97.375,13,11,11,122,122,122,0,3,3.2,météo défavorable,17:09:00,08:43:00,12
2023-01-06,12,11,17,11,12,12,0.2,83,10,1024,76.25,12,10,9,122,176,176,0,4,3.3,météo défavorable,17:10:00,08:43:00,11
2023-01-07,11,7,23,8,9,11,0.2,86,10,1019,52.5,11,7,5,113,116,176,0,3,6.9,météo défavorable,17:11:00,08:43:00,9
2023-01-08,10,8,17,9,10,9,1.5,86,7.875,1008,88.375,10,7,6,266,176,176,0,2,3.3,météo défavorable,17:12:00,08:43:00,10
2023-01-09,9,6,24,7,8,8,1.2,77,9.375,1015,78.375,9,4,2,122,263,122,0,2,3.3,météo défavorable,17:13:00,08:42:00,7
2023-01-10,12,5,24,6,6,11,1.8,97,8.875,1021,83.375,12,10,2,122,296,176,0,3,3.3,météo défavorable,17:15:00,08:42:00,6
2023-01-11,12,9,17,11,11,11,0.5,93,9,1017,73.875,12,10,8,266,116,116,0,3,6.9,météo défavorable,17:16:00,08:41:00,11
2023-01-12,12,9,28,9,11,12,0.7,84,10,1019,100,12,9,6,353,122,122,0,3,3.3,météo défavorable,17:17:00,08:41:00,9
2023-01-13,11,9,22,9,10,10,1.8,73,9.75,1023,73.625,11,9,6,176,116,176,0,2,8.7,météo défavorable,17:19:00,08:40:00,11
2023-01-14,13,7,30,8,9,12,0.9,84,8,1024,100,13,10,5,122,266,176,0,2,3.3,météo défavorable,17:20:00,08:39:00,7
2023-01-15,9,6,24,7,8,7,2.2,77,8.875,1013,56.75,9,6,3,353,113,116,0,2,8.7,météo défavorable,17:21:00,08:39:00,8
2023-01-16,8,4,26,6,6,6,4.9,87,8.25,1002,94.25,8,3,0,389,266,353,0,2,3.3,météo très défavorable,17:23:00,08:38:00,5
2023-01-17,5,2,18,3,4,4,0.3,79,9.625,994,46.625,5,1,-1,371,368,113,0.1,1,8.7,météo très défavorable,17:24:00,08:37:00,3
2023-01-18,6,1,10,1,4,6,0,75,10,1005,17.125,6,0,-2,116,113,113,0,2,8.7,météo très défavorable,17:26:00,08:36:00,1
2023-01-19,6,1,10,1,4,6,0,83,9.875,1015,33.125,6,0,-1,116,179,113,0,2,6.9,météo très défavorable,17:27:00,08:36:00,1
2023-01-20,6,0,7,0,5,4,0,81,10,1027,21,6,0,-2,113,113,113,0,1,8.7,météo très défavorable,17:29:00,08:35:00,1
2023-01-21,5,1,14,1,3,4,0,91,10,1033,43.125,5,0,-2,116,116,113,0,2,6.9,météo très défavorable,17:30:00,08:34:00,2
2023-01-22,5,-1,17,-1,2,3,0,85,10,1033,28.125,5,0,-5,116,113,116,0,2,8.7,météo très défavorable,17:32:00,08:33:00,-1
2023-01-23,4,1,15,2,2,3,0,88,10,1035,93.125,4,0,-2,122,122,122,0,1,3.4,météo très défavorable,17:33:00,08:32:00,1
2023-01-24,5,-1,16,0,3,4,0,89,10,1036,30.125,5,0,-4,116,113,113,0,1,8.7,météo très défavorable,17:35:00,08:31:00,1
2023-01-25,8,0,9,0,6,6,0,92,10,1035,13.25,8,3,-3,116,113,113,0,2,8.7,météo très défavorable,17:37:00,08:30:00,0
2023-01-26,4,1,15,2,4,4,1.5,98,6,1025,89.125,4,4,0,266,266,266,0,2,3.4,météo très défavorable,17:38:00,08:29:00,1
2023-01-27,4,2,18,3,4,3,0,86,10,1027,73.125,4,3,-2,116,122,122,0,1,5.2,météo très défavorable,17:40:00,08:27:00,3
2023-01-28,5,0,14,0,3,4,0,82,10,1031,45.75,5,0,-4,113,116,119,0,2,6.9,météo très défavorable,17:41:00,08:26:00,1
2023-01-29,6,0,6,0,4,6,0,91,10,1031,48,6,3,-1,116,116,122,0,2,6.9,météo très défavorable,17:43:00,08:25:00,1
2023-01-30,9,5,19,5,8,6,0.2,97,10,1030,68.125,9,6,2,122,176,116,0,2,5.2,météo très défavorable,17:45:00,08:24:00,5
2023-01-31,8,2,14,2,6,7,0,87,10,1031,64.375,8,3,0,113,119,122,0,2,5.2,météo très défavorable,17:46:00,08:22:00,3
2023-02-01,9,6,26,7,8,8,0.8,81,9.875,1027,92.375,9,6,3,176,176,353,0,2,3.5,météo défavorable,17:48:00,08:21:00,7
2023-02-02,11,5,17,5,8,9,0,90,10,1032,63.625,11,7,2,116,119,122,0,3,3.5,météo très défavorable,17:49:00,08:20:00,6
2023-02-03,12,7,16,8,11,11,0,79,10,1036,44,12,6,5,119,113,113,0,2,8.7,météo défavorable,17:51:00,08:18:00,8
2023-02-04,13,5,11,5,10,9,0,89,10,1040,49.625,13,4,3,116,119,116,0,3,5.2,météo correcte,17:53:00,08:17:00,5
2023-02-05,11,5,21,6,8,7,0,86,10,1042,42.75,11,4,5,119,122,113,0,3,5.2,météo défavorable,17:54:00,08:15:00,5
2023-02-06,7,2,16,3,5,5,0,85,10,1042,34.75,7,1,-2,116,113,116,0,2,8.7,météo très défavorable,17:56:00,08:14:00,3
2023-02-07,7,1,17,2,4,7,0,79,10,1037,25.125,7,0,-3,116,113,113,0,1,8.7,météo très défavorable,17:58:00,08:12:00,4
2023-02-08,10,0,20,0,5,7,0,55,10,1037,3.125,10,0,-4,113,113,113,0,2,8.7,météo très défavorable,17:59:00,08:11:00,1
2023-02-09,7,-1,5,-1,4,7,0,58,10,1036,11.875,7,0,-1,113,119,113,0,2,9.9,météo très défavorable,18:01:00,08:09:00,0
2023-02-10,10,3,8,4,7,8,0,57,10,1040,57.75,10,2,3,122,116,122,0,2,9.9,météo très défavorable,18:03:00,08:08:00,3
2023-02-11,9,3,4,3,7,8,0,93,10,1039,49.625,9,4,3,113,119,119,0,3,6.6,météo très défavorable,18:04:00,08:06:00,4
2023-02-12,13,3,13,3,10,13,0,93,10,1038,12.125,13,8,2,113,113,113,0,3,10,météo correcte,18:06:00,08:04:00,4
2023-02-13,14,4,8,4,11,12,0,90,10,1034,2.125,14,4,3,113,113,113,0,3,10,météo correcte,18:07:00,08:03:00,5
2023-02-14,15,5,5,5,12,13,0,77,10,1033,0,15,4,4,113,113,113,0,3,10.1,météo correcte,18:09:00,08:01:00,5
2023-02-15,13,5,11,5,10,13,0,74,10,1028,31.625,13,5,4,116,113,113,0,3,10,météo correcte,18:11:00,07:59:00,6
2023-02-16,13,6,17,7,11,11,0,91,10,1028,69.25,13,6,5,116,122,122,0,3,5.3,météo défavorable,18:12:00,07:58:00,6
2023-02-17,14,10,15,10,12,14,0,96,10,1029,90.25,14,11,8,122,122,119,0,3,5.3,météo défavorable,18:14:00,07:56:00,10
2023-02-18,12,9,15,11,11,12,0,83,10,1029,74.125,12,8,9,122,122,116,0,4,6.9,météo défavorable,18:16:00,07:54:00,9
2023-02-19,13,9,16,11,12,13,0,72,10,1030,68.125,13,7,8,122,119,113,0,3,6.9,météo défavorable,18:17:00,07:52:00,11
2023-02-20,15,6,6,6,12,15,0,89,10,1030,8.375,15,5,5,113,113,113,0,4,10.7,météo correcte,18:19:00,07:51:00,7
2023-02-21,16,6,5,6,13,13,0,71,10,1024,31.625,16,4,6,113,113,122,0,4,10,météo correcte,18:20:00,07:49:00,7
2023-02-22,12,9,13,9,12,10,0.3,90,9,1015,100,12,9,8,266,122,176,0,3,5.4,météo défavorable,18:22:00,07:47:00,9
2023-02-23,10,7,18,7,8,9,0.3,89,10,1018,96.625,10,7,5,176,122,122,0,2,5.4,météo défavorable,18:24:00,07:45:00,8
2023-02-24,10,3,13,4,8,9,0,78,10,1018,28.75,10,4,0,113,113,113,0,3,10.8,météo très défavorable,18:25:00,07:43:00,6
2023-02-25,9,3,19,3,7,8,0,75,10,1015,61.75,9,3,1,113,122,119,0,3,5.4,météo très défavorable,18:27:00,07:41:00,4
2023-02-26,7,1,27,1,6,7,0,58,10,1023,8.125,7,0,-4,113,113,113,0,2,10.9,météo très défavorable,18:28:00,07:39:00,2
2023-02-27,9,-1,24,-1,7,8,0,63,10,1027,0,9,0,-6,113,113,113,0,2,10.9,météo très défavorable,18:30:00,07:37:00,0
2023-02-28,10,-1,20,-1,5,7,0,65,10,1027,6.75,10,0,-5,113,113,113,0,2,11,météo très défavorable,18:32:00,07:36:00,0
2023-03-01,8,0,17,0,6,8,0,62,10,1027,1.25,8,0,-5,113,113,113,0,2,11,météo très défavorable,19:34:00,08:33:00,0
2023-03-02,10,-1,13,-1,7,9,0,61,10,1023,7.5,10,0,-4,113,113,113,0,2,11,météo très défavorable,19:35:00,08:31:00,0
2023-03-03,10,1,18,1,8,10,0,82,10,1025,2.5,10,0,-2,113,113,113,0,3,11.1,météo très défavorable,19:37:00,08:29:00,2
2023-03-04,7,1,14,1,4,6,0,92,10,1027,63.375,7,1,-1,116,122,119,0,2,5.6,météo très défavorable,19:38:00,08:27:00,2
2023-03-05,7,5,9,6,7,7,0,56,10,1025,86.625,7,0,4,116,122,122,0,2,5.6,météo très défavorable,19:40:00,08:25:00,6
2023-03-06,8,4,13,5,7,7,0,69,10,1015,84.125,8,0,3,119,122,122,0,2,5.6,météo très défavorable,19:42:00,08:23:00,5
2023-03-07,8,3,19,3,8,8,0,78,10,1005,91.125,8,2,0,119,122,119,0,2,5.6,météo très défavorable,19:43:00,08:21:00,4
2023-03-08,15,5,28,7,15,13,3,89,8.75,1001,97.25,15,11,3,296,176,353,0,3,5.6,météo défavorable,19:45:00,08:19:00,6
2023-03-09,15,10,23,10,14,13,0.8,76,10,1001,92,15,9,8,116,122,176,0,3,5.6,météo défavorable,19:46:00,08:17:00,10
2023-03-10,12,5,36,8,7,6,0.4,78,10,1008,95,12,7,1,353,122,122,0,2,5.7,météo défavorable,19:48:00,08:15:00,10
2023-03-11,9,2,5,2,7,9,0,80,10,1015,47.375,9,1,1,116,116,113,0,2,11.4,météo très défavorable,19:49:00,08:13:00,3
2023-03-12,16,6,19,9,13,14,0.1,86,10,1015,67.625,16,10,7,122,116,116,0,3,10.1,météo défavorable,19:51:00,08:11:00,7
2023-03-13,19,11,34,13,17,15,0.1,84,10,1009,70,19,11,11,122,113,122,0,3,8.7,météo défavorable,19:52:00,08:09:00,13
2023-03-14,11,4,32,9,9,9,0.6,67,9,1013,74.625,11,8,3,353,176,113,0,2,7.2,météo défavorable,19:54:00,08:07:00,11
2023-03-15,9,2,13,3,8,9,0,62,10,1021,48.875,9,0,-1,113,122,122,0,3,7.2,météo très défavorable,19:55:00,08:05:00,3
2023-03-16,17,7,18,7,13,16,0,57,10,1017,54,17,6,4,122,116,116,0,3,10.1,météo correcte,19:57:00,08:03:00,7
2023-03-17,16,10,22,10,15,15,0,81,10,1011,42,16,9,8,113,122,116,0,4,8.7,météo correcte,19:58:00,08:01:00,10
2023-03-18,15,10,17,10,15,15,0.3,90,10,1014,68.875,15,9,9,176,119,116,0,3,8.9,météo défavorable,20:00:00,07:59:00,10
2023-03-19,16,10,8,10,12,16,0,87,10,1020,65.625,16,9,9,119,122,113,0,3,7.6,météo défavorable,20:01:00,07:56:00,10
2023-03-20,16,8,10,8,14,16,0,86,10,1023,35,16,7,8,116,113,113,0,3,10.3,météo correcte,20:03:00,07:54:00,9
2023-03-21,15,9,21,9,12,14,0.1,62,10,1019,72.375,15,8,8,122,116,176,0,4,8.9,météo défavorable,20:04:00,07:52:00,10
2023-03-22,11,10,24,10,11,11,1.3,86,7,1012,96.75,11,9,7,122,266,176,0,3,6.3,météo défavorable,20:06:00,07:50:00,10
2023-03-23,13,11,20,11,12,13,0.8,90,7,1008,100,13,11,9,122,266,266,0,3,6.3,météo défavorable,20:07:00,07:48:00,11
2023-03-24,16,10,28,11,14,14,0.7,80,8.875,1009,86.125,16,11,8,176,119,353,0,3,7.6,météo défavorable,20:09:00,07:46:00,13
2023-03-25,15,8,26,9,14,14,0.4,67,10,1014,78,15,7,5,122,116,176,0,3,9,météo défavorable,20:10:00,07:44:00,8
2023-03-26,11,6,26,8,11,8,2.8,83,8,1012,99.375,11,7,4,353,266,176,0,2,6.4,météo défavorable,20:12:00,07:42:00,9
2023-03-27,10,5,13,6,9,10,0,60,10,1028,63.5,10,0,4,122,119,113,0,2,9,météo défavorable,20:13:00,07:40:00,6
2023-03-28,13,3,17,3,9,12,0,65,10,1029,33.75,13,0,0,116,116,116,0,3,11.6,météo correcte,20:15:00,07:38:00,4
2023-03-29,20,9,22,9,16,18,0,67,10,1019,44.875,20,10,7,116,116,116,0,4,11.6,météo favorable,20:16:00,07:36:00,10
2023-03-30,17,12,23,13,15,17,0.3,78,9.75,1013,67.125,17,10,11,176,122,176,0,4,7.7,météo défavorable,20:18:00,07:34:00,14
2023-03-31,12,10,35,11,12,12,2.2,84,7,1008,100,12,9,8,266,353,353,0,3,6.4,météo défavorable,20:19:00,07:31:00,11
2023-04-01,12,9,29,10,10,11,2,87,8.875,1009,97.125,12,8,6,176,296,353,0,3,6.5,météo défavorable,20:21:00,07:29:00,10
2023-04-02,15,6,18,9,9,14,0,85,10,1030,50.375,15,6,5,122,113,113,0,2,10.3,météo correcte,20:22:00,07:27:00,9
2023-04-03,15,3,18,3,10,12,0,79,10,1030,12.625,15,1,-1,113,113,113,0,3,11.6,météo correcte,20:24:00,07:25:00,4
2023-04-04,14,2,18,2,11,11,0,60,10,1028,25.625,14,0,-2,113,113,116,0,3,11.6,météo correcte,20:25:00,07:23:00,3
2023-04-05,15,3,10,3,13,15,0,64,10,1026,10,15,0,1,116,113,113,0,3,11.6,météo correcte,20:27:00,07:21:00,4
2023-04-06,10,7,13,8,9,10,0.7,80,7.375,1020,82.625,10,8,7,122,176,266,0,3,6.5,météo défavorable,20:28:00,07:19:00,8
2023-04-07,12,5,17,5,11,10,0.1,88,10,1023,41.875,12,4,3,113,119,176,0,3,7.8,météo très défavorable,20:30:00,07:17:00,6
2023-04-08,16,4,11,4,13,14,0.1,91,10,1025,31.5,16,4,3,113,116,116,0,2,11.6,météo correcte,20:31:00,07:15:00,5
2023-04-09,17,6,10,6,15,17,0,82,10,1023,36.625,17,5,5,116,113,113,0,4,9.1,météo correcte,20:33:00,07:13:00,7
2023-04-10,15,10,17,10,14,15,0,72,10,1020,90.5,15,11,9,122,122,122,0,3,6.6,météo défavorable,20:34:00,07:11:00,10
2023-04-11,14,7,20,7,12,11,0.2,86,10,1020,85.875,14,6,5,119,122,176,0,3,6.6,météo défavorable,20:36:00,07:09:00,8
2023-04-12,11,7,25,10,8,11,2.6,95,9.75,1008,77.625,11,9,5,296,353,176,0,2,7.9,météo défavorable,20:37:00,07:07:00,10
2023-04-13,12,7,18,7,11,12,0.5,73,9.75,1013,82.875,12,4,4,122,176,176,0,2,9.1,météo défavorable,20:39:00,07:05:00,7
2023-04-14,13,5,15,5,12,12,0.1,88,10,1014,65.375,13,5,4,122,122,122,0,3,7.9,météo très défavorable,20:40:00,07:03:00,5
2023-04-15,14,8,9,8,11,12,0.5,91,9,1024,84.25,14,9,8,122,122,353,0,2,6.7,météo défavorable,20:42:00,07:01:00,8
2023-04-16,15,5,9,5,14,14,0,83,10,1026,37.625,15,5,4,113,113,119,0,4,9.3,météo correcte,20:43:00,06:59:00,5
2023-04-17,14,6,20,6,13,14,0.1,94,10,1025,70.625,14,7,4,119,116,119,0,3,8.1,météo défavorable,20:45:00,06:57:00,8
2023-04-18,14,6,18,6,14,12,0,84,10,1024,68.25,14,7,3,113,122,122,0,4,8.1,météo défavorable,20:46:00,06:55:00,7
2023-04-19,15,7,19,7,15,14,0,86,10,1021,83.75,15,7,5,122,119,119,0,3,7,météo défavorable,20:48:00,06:53:00,9
2023-04-20,11,5,18,5,11,9,0,72,10,1018,57,11,2,2,113,119,122,0,2,8.1,météo très défavorable,20:49:00,06:51:00,7
2023-04-21,14,7,7,7,13,13,1.4,86,8.875,1013,63,14,7,6,266,116,176,0,2,9.3,météo correcte,20:51:00,06:49:00,7
2023-04-22,12,7,26,7,12,11,2.2,96,8.875,1010,89,12,11,6,122,296,176,0,2,7,météo défavorable,20:52:00,06:47:00,7
2023-04-23,12,9,16,10,11,10,3.7,93,7.625,1010,83.625,12,10,8,122,266,302,0,3,7,météo défavorable,20:54:00,06:45:00,11
2023-04-24,12,8,17,9,11,12,0.7,94,9,1015,94.5,12,8,6,353,353,122,0,2,7.1,météo défavorable,20:55:00,06:43:00,8
2023-04-25,10,6,13,6,7,10,0.2,94,9,1018,80,10,6,5,143,122,122,0,2,7.1,météo défavorable,20:57:00,06:41:00,6
2023-04-26,13,6,12,6,12,13,0,71,10,1018,87.125,13,4,4,122,122,122,0,2,7.1,météo défavorable,20:58:00,06:39:00,6
2023-04-27,18,9,15,9,18,15,0.1,86,10,1017,70.875,18,12,8,119,119,176,0,3,10.2,météo défavorable,21:00:00,06:38:00,9
2023-04-28,18,13,15,14,17,18,1.3,94,8,1018,75.375,18,13,13,353,119,116,0,4,11.3,météo défavorable,21:01:00,06:36:00,14
2023-04-29,17,10,8,10,16,17,0.2,90,10,1018,50.25,17,12,10,116,122,176,0,4,11.3,météo correcte,21:03:00,06:34:00,11
2023-04-30,19,8,12,8,17,17,0,83,10,1022,28.125,19,7,8,113,116,116,0,4,13.4,météo favorable,21:04:00,06:32:00,9
2023-05-01,18,11,11,11,18,18,0,74,10,1022,68.125,18,10,11,116,122,116,0,3,12.4,météo défavorable,21:06:00,06:31:00,11
2023-05-02,14,9,12,9,13,14,0,90,10,1027,52.5,14,9,8,113,119,122,0,4,10.3,météo correcte,21:07:00,06:29:00,9
2023-05-03,21,5,19,5,17,20,0,78,10,1027,2.75,21,8,3,113,113,113,0,4,14.5,météo favorable,21:09:00,06:27:00,6
2023-05-04,22,9,15,9,21,22,0,77,10,1019,25.25,25,13,8,113,116,116,0,5,13.5,météo favorable,21:10:00,06:26:00,10
2023-05-05,21,11,17,11,19,20,0.2,90,10,1019,45.625,24,12,10,116,113,116,0,4,13.5,météo favorable,21:12:00,06:24:00,12
2023-05-06,22,11,9,11,20,22,0.1,95,8,1018,68.5,24,14,10,143,122,119,0,4,10.4,météo défavorable,21:13:00,06:22:00,11
2023-05-07,20,13,15,14,19,19,0.3,95,9,1022,62,20,13,14,143,119,116,0,4,12.4,météo correcte,21:14:00,06:21:00,13
2023-05-08,21,10,12,10,21,20,0,88,10,1023,31.375,24,13,9,113,113,122,0,5,13.5,météo favorable,21:16:00,06:19:00,10
2023-05-09,15,12,13,12,14,14,2.2,97,6.125,1019,96.875,15,13,11,266,266,353,0,3,9.4,météo défavorable,21:17:00,06:18:00,13
2023-05-10,15,9,19,10,15,14,0.5,77,9.875,1017,87.875,15,11,7,122,122,176,0,3,10.4,météo défavorable,21:19:00,06:16:00,9
2023-05-11,17,8,11,8,16,17,0,92,10,1017,53.125,17,8,7,116,119,116,0,4,11.4,météo correcte,21:20:00,06:15:00,8
2023-05-12,15,8,17,8,15,13,0.6,87,10,1019,60.5,15,11,7,113,176,353,0,4,10.4,météo correcte,21:22:00,06:13:00,9
2023-05-13,19,9,17,9,19,17,1.1,95,6.875,1020,52.125,19,14,8,143,116,176,0,3,12.5,météo favorable,21:23:00,06:12:00,10
2023-05-14,20,9,17,9,19,19,0.2,92,10,1020,38.25,20,11,8,113,176,116,0,3,13.5,météo favorable,21:24:00,06:11:00,10
2023-05-15,14,8,17,10,14,12,1,89,10,1019,64.625,14,11,8,116,353,353,0,4,10.5,météo correcte,21:26:00,06:09:00,10
2023-05-16,17,5,23,5,15,14,0,85,10,1024,22.625,17,6,2,113,113,116,0,4,13.5,météo correcte,21:27:00,06:08:00,6
2023-05-17,16,6,18,6,16,15,0,87,10,1027,26,16,7,5,113,119,113,0,4,12.5,météo correcte,21:28:00,06:07:00,7
2023-05-18,18,7,18,8,16,17,0,75,10,1027,46.25,18,7,6,122,116,116,0,4,13.5,météo favorable,21:30:00,06:05:00,8
2023-05-19,19,7,21,7,18,18,0,80,10,1025,47,19,8,5,116,119,116,0,4,13.5,météo correcte,21:31:00,06:04:00,8
2023-05-20,18,10,20,10,18,17,0.1,81,10,1022,51.375,18,10,8,116,116,176,0,4,12.5,météo favorable,21:32:00,06:03:00,11
2023-05-21,19,10,17,11,16,19,0,90,10,1017,74.375,19,15,9,116,122,119,0,4,9.6,météo défavorable,21:33:00,06:02:00,11
2023-05-22,21,12,17,12,21,19,0,89,10,1019,68.5,24,14,12,116,116,122,0,4,11.6,météo défavorable,21:35:00,06:01:00,12
2023-05-23,20,10,22,12,20,18,0,85,10,1024,59.75,20,12,11,122,113,113,0,4,15.4,météo correcte,21:36:00,06:00:00,13
2023-05-24,18,7,18,8,17,16,0,79,10,1025,29.375,18,8,5,113,116,116,0,4,15.8,météo favorable,21:37:00,05:59:00,8
2023-05-25,23,10,21,10,22,23,0,84,10,1027,13.75,25,13,8,113,113,113,0,5,15.8,météo favorable,21:38:00,05:58:00,10
2023-05-26,24,9,19,10,21,23,0,84,10,1027,8,25,12,8,113,113,113,0,5,15.8,météo favorable,21:39:00,05:57:00,10
2023-05-27,23,10,17,10,20,22,0,78,10,1026,19.75,24,11,8,113,122,116,0,5,15.9,météo correcte,21:41:00,05:56:00,11
2023-05-28,27,11,18,11,23,25,0,81,10,1021,5.25,27,13,10,113,113,113,0,5,15.9,météo favorable,21:42:00,05:55:00,12
2023-05-29,23,12,23,12,22,21,0,84,10,1023,24,25,12,10,116,113,116,0,5,15.9,météo favorable,21:43:00,05:54:00,13
2023-05-30,23,10,24,10,22,22,0,72,10,1024,14.375,25,12,8,113,113,116,0,5,15.9,météo favorable,21:44:00,05:54:00,11
2023-05-31,27,10,22,11,26,26,0,87,10,1023,14.125,27,13,9,116,113,113,0,5,15.9,météo favorable,21:45:00,05:53:00,11
2023-06-01,27,13,21,13,26,25,0,89,10,1020,8.375,27,14,12,116,113,113,0,5,15.9,météo favorable,21:46:00,05:52:00,14
2023-06-02,25,9,19,9,23,23,0,84,10,1021,7.25,25,11,7,113,113,113,0,5,16,météo favorable,21:47:00,05:51:00,10
2023-06-03,27,10,19,11,25,25,0,86,10,1019,7.25,26,12,10,113,113,113,0,5,16,météo favorable,21:48:00,05:51:00,11
2023-06-04,26,11,19,11,26,25,0,66,10,1020,10.625,26,11,10,113,113,116,0,5,16,météo favorable,21:49:00,05:50:00,12
2023-06-05,26,11,18,12,24,24,0,79,10,1020,11.125,26,11,10,113,113,116,0,5,16,météo favorable,21:49:00,05:50:00,12
2023-06-06,25,11,17,12,24,24,0,84,10,1019,23,26,13,11,113,113,113,0,5,16,météo favorable,21:50:00,05:49:00,12
2023-06-07,27,13,18,14,25,25,0,83,10,1019,19.5,26,13,13,113,113,116,0,6,16,météo favorable,21:51:00,05:49:00,14
2023-06-08,28,13,14,14,25,26,0,85,10,1017,14.625,27,14,13,113,113,116,0,6,16,météo favorable,21:52:00,05:48:00,14
2023-06-09,26,16,15,17,26,24,0,76,10,1012,43.75,26,18,17,116,116,116,0,6,16,météo favorable,21:52:00,05:48:00,17
2023-06-10,25,18,10,18,23,24,0.9,88,9.875,1013,58.5,26,18,18,353,116,176,0,5,15.6,météo correcte,21:53:00,05:48:00,18
2023-06-11,23,18,10,19,22,23,1.6,93,9.875,1014,59.375,25,18,19,353,353,176,0,5,14.7,météo correcte,21:54:00,05:47:00,19
2023-06-12,29,16,16,16,28,27,1.7,96,9,1014,39.75,28,16,16,353,113,113,0,5,16.1,météo favorable,21:54:00,05:47:00,16
2023-06-13,27,16,21,16,26,25,0,66,10,1012,9.875,27,12,16,113,113,113,0,6,16.1,météo idéale,21:55:00,05:47:00,17
2023-06-14,29,15,17,16,29,26,0,65,10,1017,11.75,29,13,16,113,113,113,0,6,16.1,météo idéale,21:55:00,05:47:00,16
2023-06-15,30,17,10,18,27,27,0,60,10,1019,15.125,29,11,18,113,113,113,0,6,16.1,météo idéale,21:56:00,05:47:00,17
2023-06-16,31,16,13,16,30,29,0,64,10,1019,8.25,30,11,16,113,113,113,0,6,16.1,météo idéale,21:56:00,05:47:00,16
2023-06-17,31,17,8,18,30,27,0,58,10,1017,26.5,30,13,18,113,113,116,0,6,16.1,météo idéale,21:57:00,05:47:00,18
2023-06-18,29,18,14,19,24,20,4.8,88,9.625,1012,55.625,29,20,19,353,116,299,0,6,14.7,météo correcte,21:57:00,05:47:00,20
2023-06-19,29,16,11,16,29,25,0.1,86,10,1013,62.25,29,19,16,116,113,176,0,5,14.7,météo correcte,21:57:00,05:47:00,17
2023-06-20,26,17,16,18,26,24,1.7,97,6.75,1012,74,27,20,18,143,119,176,0,5,12.1,météo défavorable,21:58:00,05:47:00,17
2023-06-21,28,17,4,18,27,27,1.2,92,9.625,1017,53.875,28,18,18,113,116,200,0,5,14.7,météo favorable,21:58:00,05:47:00,17
2023-06-22,20,15,26,17,16,20,12.9,96,7.75,1022,71.75,20,16,13,353,308,263,0,5,13.9,météo défavorable,21:58:00,05:47:00,17
2023-06-23,27,14,9,14,25,26,0,85,10,1026,9.125,27,14,14,113,113,113,0,6,16.1,météo favorable,21:58:00,05:48:00,14
2023-06-24,31,15,10,16,29,29,0,79,10,1026,1.875,30,14,16,113,113,113,0,6,16.1,météo idéale,21:58:00,05:48:00,16
2023-06-25,33,18,16,18,33,31,0,69,10,1020,6.125,33,16,18,113,113,113,0,7,16.1,météo idéale,21:58:00,05:48:00,18
2023-06-26,24,16,14,16,23,23,0,79,10,1023,15.625,25,14,16,113,116,113,0,5,16.1,météo favorable,21:58:00,05:49:00,17
2023-06-27,25,14,10,14,23,24,0,74,10,1024,30.125,25,12,15,113,116,116,0,5,16.1,météo favorable,21:58:00,05:49:00,14
2023-06-28,27,14,11,15,25,26,0,73,10,1021,37.75,27,15,15,113,119,116,0,6,16.1,météo correcte,21:58:00,05:49:00,15
2023-06-29,26,16,6,19,24,19,2.3,75,10,1018,72.25,27,17,19,119,116,353,0,5,13.8,météo défavorable,21:58:00,05:50:00,19
2023-06-30,23,12,17,13,22,19,0,79,10,1018,37.875,24,12,13,116,116,122,0,5,16.1,météo favorable,21:58:00,05:51:00,13